{"x":995.328125,"y":416.609375,"width":398.671875,"height":93.5625,"top":416.609375,"right":1394,"bottom":510.171875,"left":995.328125}