{"x":1362,"y":647.390625,"width":40,"height":40,"top":647.390625,"right":1402,"bottom":687.390625,"left":1362}