{"x":1354,"y":639.390625,"width":56,"height":56,"top":639.390625,"right":1410,"bottom":695.390625,"left":1354}