{"x":979.328125,"y":376,"width":430.671875,"height":344,"top":376,"right":1410,"bottom":720,"left":979.328125}