{"x":995.328125,"y":526.171875,"width":398.671875,"height":48,"top":526.171875,"right":1394,"bottom":574.171875,"left":995.328125}