{"x":1370,"y":655.390625,"width":24,"height":24,"top":655.390625,"right":1394,"bottom":679.390625,"left":1370}