{"x":1061.328125,"y":639.390625,"width":97.140625,"height":24,"top":639.390625,"right":1158.46875,"bottom":663.390625,"left":1061.328125}