{"x":995.328125,"y":639.390625,"width":50,"height":50,"top":639.390625,"right":1045.328125,"bottom":689.390625,"left":995.328125}