{"x":995.328125,"y":639.390625,"width":163.140625,"height":56,"top":639.390625,"right":1158.46875,"bottom":695.390625,"left":995.328125}