{"x":979.328125,"y":400.609375,"width":430.671875,"height":189.5625,"top":400.609375,"right":1410,"bottom":590.171875,"left":979.328125}