{"x":526,"y":378,"width":453.328125,"height":340,"top":378,"right":979.328125,"bottom":718,"left":526}