{"x":979.328125,"y":639.390625,"width":430.671875,"height":56,"top":639.390625,"right":1410,"bottom":695.390625,"left":979.328125}